<?xml version="1.0" encoding="UTF-8"?>
<project-private xmlns="http://www.netbeans.org/ns/project-private/1">
    <editor-bookmarks xmlns="http://www.netbeans.org/ns/editor-bookmarks/2" lastBookmarkId="0"/>
    <open-files xmlns="http://www.netbeans.org/ns/projectui-open-files/2">
        <group>
            <file>file:/C:/Users/Ronchi/Documents/NetBeansProjects/PollingApp/src/pollingapp/StaffGUI.java</file>
            <file>file:/C:/Users/Ronchi/Documents/NetBeansProjects/PollingApp/src/pollingapp/PollingAppGUI.java</file>
            <file>file:/C:/Users/Ronchi/Documents/NetBeansProjects/PollingApp/src/pollingapp/PollingApp.java</file>
            <file>file:/C:/Users/Ronchi/Documents/NetBeansProjects/PollingApp/src/pollingapp/Polling.java</file>
            <file>file:/C:/Users/Ronchi/Documents/NetBeansProjects/PollingApp/src/pollingapp/Candidates.java</file>
        </group>
    </open-files>
</project-private>
